[
  "http://www.happycow.net/europe/france/agde/",
  "http://www.happycow.net/europe/france/agen/",
  "http://www.happycow.net/europe/france/aix-en-provence/",
  "http://www.happycow.net/europe/france/aix-les-bains/",
  "http://www.happycow.net/europe/france/ajaccio/",
  "http://www.happycow.net/europe/france/albert/",
  "http://www.happycow.net/europe/france/albertville/",
  "http://www.happycow.net/europe/france/albi/",
  "http://www.happycow.net/europe/france/alencon/",
  "http://www.happycow.net/europe/france/ales/",
  "http://www.happycow.net/europe/france/alissas/",
  "http://www.happycow.net/europe/france/allauch/",
  "http://www.happycow.net/europe/france/amberieu-en-bugey/",
  "http://www.happycow.net/europe/france/amfreville-la-mivoie/",
  "http://www.happycow.net/europe/france/amiens/",
  "http://www.happycow.net/europe/france/andernos/",
  "http://www.happycow.net/europe/france/angers/",
  "http://www.happycow.net/europe/france/anglet/",
  "http://www.happycow.net/europe/france/angouleme/",
  "http://www.happycow.net/europe/france/angoulins/",
  "http://www.happycow.net/europe/france/annecy/",
  "http://www.happycow.net/europe/france/annecy-le-vieux/",
  "http://www.happycow.net/europe/france/annemasse/",
  "http://www.happycow.net/europe/france/annonay/",
  "http://www.happycow.net/europe/france/anthy-sur-leman/",
  "http://www.happycow.net/europe/france/antibes/",
  "http://www.happycow.net/europe/france/antony/",
  "http://www.happycow.net/europe/france/apt/",
  "http://www.happycow.net/europe/france/argeles-sur-mer/",
  "http://www.happycow.net/europe/france/argentiere/",
  "http://www.happycow.net/europe/france/arles/",
  "http://www.happycow.net/europe/france/arras/",
  "http://www.happycow.net/europe/france/artigues-pres-bordeaux/",
  "http://www.happycow.net/europe/france/asnieres-sur-seine/",
  "http://www.happycow.net/europe/france/athis-mons/",
  "http://www.happycow.net/europe/france/aubagne/",
  "http://www.happycow.net/europe/france/aubenas/",
  "http://www.happycow.net/europe/france/aubiere/",
  "http://www.happycow.net/europe/france/aubusson/",
  "http://www.happycow.net/europe/france/auch/",
  "http://www.happycow.net/europe/france/augny/",
  "http://www.happycow.net/europe/france/aulnay-sous-bois/",
  "http://www.happycow.net/europe/france/auray/",
  "http://www.happycow.net/europe/france/aurillac/",
  "http://www.happycow.net/europe/france/auriol/",
  "http://www.happycow.net/europe/france/auxerre/",
  "http://www.happycow.net/europe/france/avallon/",
  "http://www.happycow.net/europe/france/avesnes-sur-helpe/",
  "http://www.happycow.net/europe/france/avignon/",
  "http://www.happycow.net/europe/france/avon/",
  "http://www.happycow.net/europe/france/avranches/",
  "http://www.happycow.net/europe/france/avrille/",
  "http://www.happycow.net/europe/france/aze/",
  "http://www.happycow.net/europe/france/bagnols-sur-ceze/",
  "http://www.happycow.net/europe/france/balaruc-le-vieux/",
  "http://www.happycow.net/europe/france/ballainvilliers/",
  "http://www.happycow.net/europe/france/balma/",
  "http://www.happycow.net/europe/france/bar-le-duc/",
  "http://www.happycow.net/europe/france/bar-sur-aube/",
  "http://www.happycow.net/europe/france/barentin/",
  "http://www.happycow.net/europe/france/baud/",
  "http://www.happycow.net/europe/france/bayonne/",
  "http://www.happycow.net/europe/france/beaucaire/",
  "http://www.happycow.net/europe/france/beaune/",
  "http://www.happycow.net/europe/france/beaupreau/",
  "http://www.happycow.net/europe/france/beausoleil/",
  "http://www.happycow.net/europe/france/beauvais/",
  "http://www.happycow.net/europe/france/belfort/",
  "http://www.happycow.net/europe/france/bellegarde-en-diois/",
  "http://www.happycow.net/europe/france/belley/",
  "http://www.happycow.net/europe/france/belz/",
  "http://www.happycow.net/europe/france/bergerac/",
  "http://www.happycow.net/europe/france/bernay/",
  "http://www.happycow.net/europe/france/besancon/",
  "http://www.happycow.net/europe/france/bethune/",
  "http://www.happycow.net/europe/france/beynost/",
  "http://www.happycow.net/europe/france/beziers/",
  "http://www.happycow.net/europe/france/bezolles/",
  "http://www.happycow.net/europe/france/biarritz/",
  "http://www.happycow.net/europe/france/bidart/",
  "http://www.happycow.net/europe/france/biganos/",
  "http://www.happycow.net/europe/france/billere/",
  "http://www.happycow.net/europe/france/binic/",
  "http://www.happycow.net/europe/france/biscarrosse/",
  "http://www.happycow.net/europe/france/bizanos/",
  "http://www.happycow.net/europe/france/blagnac/",
  "http://www.happycow.net/europe/france/blain/",
  "http://www.happycow.net/europe/france/blois/",
  "http://www.happycow.net/europe/france/boe/",
  "http://www.happycow.net/europe/france/bois-colombes/",
  "http://www.happycow.net/europe/france/bois-guillaume/",
  "http://www.happycow.net/europe/france/bois-le-roi/",
  "http://www.happycow.net/europe/france/bollene/",
  "http://www.happycow.net/europe/france/bonson/",
  "http://www.happycow.net/europe/france/bordeaux/",
  "http://www.happycow.net/europe/france/boulogne-billancourt/",
  "http://www.happycow.net/europe/france/boulogne-sur-mer/",
  "http://www.happycow.net/europe/france/bourbon-larchambault/",
  "http://www.happycow.net/europe/france/bourg-argental/",
  "http://www.happycow.net/europe/france/bourg-en-bresse/",
  "http://www.happycow.net/europe/france/bourg-la-reine/",
  "http://www.happycow.net/europe/france/bourg-les-valence/",
  "http://www.happycow.net/europe/france/bourg-saint-maurice/",
  "http://www.happycow.net/europe/france/bourges/",
  "http://www.happycow.net/europe/france/bourgoin-jallieu/",
  "http://www.happycow.net/europe/france/bressuire/",
  "http://www.happycow.net/europe/france/brest/",
  "http://www.happycow.net/europe/france/bretigny-sur-orge/",
  "http://www.happycow.net/europe/france/briancon/",
  "http://www.happycow.net/europe/france/brie-comte-robert/",
  "http://www.happycow.net/europe/france/brie-et-angonnes/",
  "http://www.happycow.net/europe/france/brignais/",
  "http://www.happycow.net/europe/france/brignoles/",
  "http://www.happycow.net/europe/france/brioude/",
  "http://www.happycow.net/europe/france/brive-la-gaillarde/",
  "http://www.happycow.net/europe/france/brives-charensac/",
  "http://www.happycow.net/europe/france/bron/",
  "http://www.happycow.net/europe/france/bruz/",
  "http://www.happycow.net/europe/france/bussy-saint-georges/",
  "http://www.happycow.net/europe/france/cabestany/",
  "http://www.happycow.net/europe/france/cabrerets/",
  "http://www.happycow.net/europe/france/cabries/",
  "http://www.happycow.net/europe/france/cachan/",
  "http://www.happycow.net/europe/france/caen/",
  "http://www.happycow.net/europe/france/cahors/",
  "http://www.happycow.net/europe/france/calais/",
  "http://www.happycow.net/europe/france/caluire-et-cuire/",
  "http://www.happycow.net/europe/france/cambrai/",
  "http://www.happycow.net/europe/france/canet-en-roussillon/",
  "http://www.happycow.net/europe/france/cannes/",
  "http://www.happycow.net/europe/france/capbreton/",
  "http://www.happycow.net/europe/france/capinghem/",
  "http://www.happycow.net/europe/france/carcassonne/",
  "http://www.happycow.net/europe/france/carhaix/",
  "http://www.happycow.net/europe/france/carmaux/",
  "http://www.happycow.net/europe/france/carnac/",
  "http://www.happycow.net/europe/france/carnoux-en-provence/",
  "http://www.happycow.net/europe/france/carpentras/",
  "http://www.happycow.net/europe/france/castelnau-de-montmiral/",
  "http://www.happycow.net/europe/france/castelnaudary/",
  "http://www.happycow.net/europe/france/castres/",
  "http://www.happycow.net/europe/france/cavaillon/",
  "http://www.happycow.net/europe/france/cenon/",
  "http://www.happycow.net/europe/france/cergy/",
  "http://www.happycow.net/europe/france/cernay/",
  "http://www.happycow.net/europe/france/cesson-sevigne/",
  "http://www.happycow.net/europe/france/chalais/",
  "http://www.happycow.net/europe/france/chalezeule/",
  "http://www.happycow.net/europe/france/challans/",
  "http://www.happycow.net/europe/france/chalon-sur-saone/",
  "http://www.happycow.net/europe/france/chalonnes-sur-loire/",
  "http://www.happycow.net/europe/france/chalons-en-champagne/",
  "http://www.happycow.net/europe/france/chambery/",
  "http://www.happycow.net/europe/france/chambon/",
  "http://www.happycow.net/europe/france/chambourcy/",
  "http://www.happycow.net/europe/france/chamonix-mont-blanc/",
  "http://www.happycow.net/europe/france/champagne-au-mont-dor/",
  "http://www.happycow.net/europe/france/champagnole/",
  "http://www.happycow.net/europe/france/chancelade/",
  "http://www.happycow.net/europe/france/charenton-le-pont/",
  "http://www.happycow.net/europe/france/charleville-mezieres/",
  "http://www.happycow.net/europe/france/charmeil/",
  "http://www.happycow.net/europe/france/chartres/",
  "http://www.happycow.net/europe/france/chasseneuil-du-poitou/",
  "http://www.happycow.net/europe/france/chateau-dolonne/",
  "http://www.happycow.net/europe/france/chateau-thierry/",
  "http://www.happycow.net/europe/france/chateaubernard/",
  "http://www.happycow.net/europe/france/chateaubriant/",
  "http://www.happycow.net/europe/france/chateaugrion/",
  "http://www.happycow.net/europe/france/chateaurenard/",
  "http://www.happycow.net/europe/france/chateauroux/",
  "http://www.happycow.net/europe/france/chatellerault/",
  "http://www.happycow.net/europe/france/chatillon/",
  "http://www.happycow.net/europe/france/chatte/",
  "http://www.happycow.net/europe/france/chaumont/",
  "http://www.happycow.net/europe/france/chaumontel/",
  "http://www.happycow.net/europe/france/chauray/",
  "http://www.happycow.net/europe/france/chaville/",
  "http://www.happycow.net/europe/france/chazelles-sur-lyon/",
  "http://www.happycow.net/europe/france/chelles/",
  "http://www.happycow.net/europe/france/chemille-melay/",
  "http://www.happycow.net/europe/france/chennevieres-sur-marne/",
  "http://www.happycow.net/europe/france/chenove/",
  "http://www.happycow.net/europe/france/cherbourg-octeville/",
  "http://www.happycow.net/europe/france/cherence-le-roussel/",
  "http://www.happycow.net/europe/france/chevry-cossigny/",
  "http://www.happycow.net/europe/france/chinon/",
  "http://www.happycow.net/europe/france/cholet/",
  "http://www.happycow.net/europe/france/civrieux-dazergues/",
  "http://www.happycow.net/europe/france/claira/",
  "http://www.happycow.net/europe/france/clamart/",
  "http://www.happycow.net/europe/france/claye-souilly/",
  "http://www.happycow.net/europe/france/clermont-ferrand/",
  "http://www.happycow.net/europe/france/clermont-lherault/",
  "http://www.happycow.net/europe/france/clichy-la-garenne/",
  "http://www.happycow.net/europe/france/colmar/",
  "http://www.happycow.net/europe/france/colombes/",
  "http://www.happycow.net/europe/france/colomiers/",
  "http://www.happycow.net/europe/france/combourg/",
  "http://www.happycow.net/europe/france/compiegne/",
  "http://www.happycow.net/europe/france/concarneau/",
  "http://www.happycow.net/europe/france/condom/",
  "http://www.happycow.net/europe/france/conflans-en-jarnisy/",
  "http://www.happycow.net/europe/france/conflans-sainte-honorine/",
  "http://www.happycow.net/europe/france/corbeil-essonnes/",
  "http://www.happycow.net/europe/france/cormontreuil/",
  "http://www.happycow.net/europe/france/cornebarrieu/",
  "http://www.happycow.net/europe/france/cosne-cours-sur-loire/",
  "http://www.happycow.net/europe/france/coulommiers/",
  "http://www.happycow.net/europe/france/coulonges-sur-lautize/",
  "http://www.happycow.net/europe/france/courbevoie/",
  "http://www.happycow.net/europe/france/cournon-dauvergne/",
  "http://www.happycow.net/europe/france/coutances/",
  "http://www.happycow.net/europe/france/cran-gevrier/",
  "http://www.happycow.net/europe/france/craponne/",
  "http://www.happycow.net/europe/france/creil/",
  "http://www.happycow.net/europe/france/creissels/",
  "http://www.happycow.net/europe/france/cremieu/",
  "http://www.happycow.net/europe/france/crest/",
  "http://www.happycow.net/europe/france/creysse/",
  "http://www.happycow.net/europe/france/crolles/",
  "http://www.happycow.net/europe/france/cuers/",
  "http://www.happycow.net/europe/france/dammarie-les-lys/",
  "http://www.happycow.net/europe/france/damvix/",
  "http://www.happycow.net/europe/france/davezieux/",
  "http://www.happycow.net/europe/france/dax/",
  "http://www.happycow.net/europe/france/decines-charpieu/",
  "http://www.happycow.net/europe/france/dennevy/",
  "http://www.happycow.net/europe/france/deuil-la-barre/",
  "http://www.happycow.net/europe/france/die/",
  "http://www.happycow.net/europe/france/dieppe/",
  "http://www.happycow.net/europe/france/digne-les-bains/",
  "http://www.happycow.net/europe/france/dijon/",
  "http://www.happycow.net/europe/france/dinan/",
  "http://www.happycow.net/europe/france/dinard/",
  "http://www.happycow.net/europe/france/distre/",
  "http://www.happycow.net/europe/france/dol-de-bretagne/",
  "http://www.happycow.net/europe/france/dole/",
  "http://www.happycow.net/europe/france/dolus-doleron/",
  "http://www.happycow.net/europe/france/domerat/",
  "http://www.happycow.net/europe/france/dompierre-sur-besbre/",
  "http://www.happycow.net/europe/france/douai/",
  "http://www.happycow.net/europe/france/douarnenez/",
  "http://www.happycow.net/europe/france/dourdan/",
  "http://www.happycow.net/europe/france/draguignan/",
  "http://www.happycow.net/europe/france/drumettaz/",
  "http://www.happycow.net/europe/france/dunkerque/",
  "http://www.happycow.net/europe/france/dury/",
  "http://www.happycow.net/europe/france/echirolles/",
  "http://www.happycow.net/europe/france/ecully/",
  "http://www.happycow.net/europe/france/egly/",
  "http://www.happycow.net/europe/france/embrun/",
  "http://www.happycow.net/europe/france/enghien-les-bains/",
  "http://www.happycow.net/europe/france/eourres/",
  "http://www.happycow.net/europe/france/epagny/",
  "http://www.happycow.net/europe/france/eperlecques/",
  "http://www.happycow.net/europe/france/epinal/",
  "http://www.happycow.net/europe/france/epone/",
  "http://www.happycow.net/europe/france/essey-les-nancy/",
  "http://www.happycow.net/europe/france/essomes-sur-marne/",
  "http://www.happycow.net/europe/france/etrembieres/",
  "http://www.happycow.net/europe/france/evreux/",
  "http://www.happycow.net/europe/france/fecamp/",
  "http://www.happycow.net/europe/france/felletin/",
  "http://www.happycow.net/europe/france/fenouillet/",
  "http://www.happycow.net/europe/france/ferney-voltaire/",
  "http://www.happycow.net/europe/france/feytiat/",
  "http://www.happycow.net/europe/france/figeac/",
  "http://www.happycow.net/europe/france/firminy/",
  "http://www.happycow.net/europe/france/flers/",
  "http://www.happycow.net/europe/france/fleury-sur-orne/",
  "http://www.happycow.net/europe/france/floirac/",
  "http://www.happycow.net/europe/france/foix/",
  "http://www.happycow.net/europe/france/fontainebleau/",
  "http://www.happycow.net/europe/france/fontenay-aux-roses/",
  "http://www.happycow.net/europe/france/fontenay-le-comte/",
  "http://www.happycow.net/europe/france/forcalquier/",
  "http://www.happycow.net/europe/france/foucheres/",
  "http://www.happycow.net/europe/france/fougeres/",
  "http://www.happycow.net/europe/france/fresnes/",
  "http://www.happycow.net/europe/france/frontignan/",
  "http://www.happycow.net/europe/france/furiani/",
  "http://www.happycow.net/europe/france/gagny/",
  "http://www.happycow.net/europe/france/gaillard/",
  "http://www.happycow.net/europe/france/gap/",
  "http://www.happycow.net/europe/france/garches/",
  "http://www.happycow.net/europe/france/genay/",
  "http://www.happycow.net/europe/france/gien/",
  "http://www.happycow.net/europe/france/gif-sur-yvette/",
  "http://www.happycow.net/europe/france/givors/",
  "http://www.happycow.net/europe/france/gradignan/",
  "http://www.happycow.net/europe/france/grandvilliers/",
  "http://www.happycow.net/europe/france/grasse/",
  "http://www.happycow.net/europe/france/grenoble/",
  "http://www.happycow.net/europe/france/gresy-sur-aix/",
  "http://www.happycow.net/europe/france/guer/",
  "http://www.happycow.net/europe/france/guerande/",
  "http://www.happycow.net/europe/france/guillestre/",
  "http://www.happycow.net/europe/france/guipavas/",
  "http://www.happycow.net/europe/france/gujan-mestras/",
  "http://www.happycow.net/europe/france/hazebrouck/",
  "http://www.happycow.net/europe/france/hegenheim/",
  "http://www.happycow.net/europe/france/hem/",
  "http://www.happycow.net/europe/france/hendaye/",
  "http://www.happycow.net/europe/france/henin-beaumont/",
  "http://www.happycow.net/europe/france/hericourt/",
  "http://www.happycow.net/europe/france/herouville-saint-clair/",
  "http://www.happycow.net/europe/france/honfleur/",
  "http://www.happycow.net/europe/france/houilles/",
  "http://www.happycow.net/europe/france/houssen/",
  "http://www.happycow.net/europe/france/hyeres/",
  "http://www.happycow.net/europe/france/ile_de_groix/",
  "http://www.happycow.net/europe/france/illkirch-graffenstaden/",
  "http://www.happycow.net/europe/france/ingersheim/",
  "http://www.happycow.net/europe/france/issoire/",
  "http://www.happycow.net/europe/france/issy-les-moulineaux/",
  "http://www.happycow.net/europe/france/ivry-sur-seine/",
  "http://www.happycow.net/europe/france/jacou/",
  "http://www.happycow.net/europe/france/jarnac/",
  "http://www.happycow.net/europe/france/joigny/",
  "http://www.happycow.net/europe/france/jonzac/",
  "http://www.happycow.net/europe/france/jouy-aux-arches/",
  "http://www.happycow.net/europe/france/joyeuse/",
  "http://www.happycow.net/europe/france/juvignac/",
  "http://www.happycow.net/europe/france/juvisy-sur-orge/",
  "http://www.happycow.net/europe/france/labege/",
  "http://www.happycow.net/europe/france/lagord/",
  "http://www.happycow.net/europe/france/lamballe/",
  "http://www.happycow.net/europe/france/lamberville/",
  "http://www.happycow.net/europe/france/lamorlaye/",
  "http://www.happycow.net/europe/france/landerneau/",
  "http://www.happycow.net/europe/france/landivisiau/",
  "http://www.happycow.net/europe/france/landorthe/",
  "http://www.happycow.net/europe/france/lanester/",
  "http://www.happycow.net/europe/france/lannemezan/",
  "http://www.happycow.net/europe/france/lannion/",
  "http://www.happycow.net/europe/france/lanvallay/",
  "http://www.happycow.net/europe/france/laon/",
  "http://www.happycow.net/europe/france/laragne-monteglin/",
  "http://www.happycow.net/europe/france/larbresle/",
  "http://www.happycow.net/europe/france/larmor-plage/",
  "http://www.happycow.net/europe/france/lattes/",
  "http://www.happycow.net/europe/france/lauzerte/",
  "http://www.happycow.net/europe/france/laval/",
  "http://www.happycow.net/europe/france/lavaur/",
  "http://www.happycow.net/europe/france/lavelanet/",
  "http://www.happycow.net/europe/france/laxou/",
  "http://www.happycow.net/europe/france/la_bourboule/",
  "http://www.happycow.net/europe/france/la_cote-saint-andre/",
  "http://www.happycow.net/europe/france/la_ferte-bernard/",
  "http://www.happycow.net/europe/france/la_fleche/",
  "http://www.happycow.net/europe/france/la_garde/",
  "http://www.happycow.net/europe/france/la_garenne-colombes/",
  "http://www.happycow.net/europe/france/la_londe-les-maures/",
  "http://www.happycow.net/europe/france/la_roche-sur-foron/",
  "http://www.happycow.net/europe/france/la_roche-sur-yon/",
  "http://www.happycow.net/europe/france/la_rochelle/",
  "http://www.happycow.net/europe/france/la_sauve/",
  "http://www.happycow.net/europe/france/la_seyne-sur-mer/",
  "http://www.happycow.net/europe/france/la_tour-du-pin/",
  "http://www.happycow.net/europe/france/la_varenne-saint-hilaire/",
  "http://www.happycow.net/europe/france/la_ville-aux-dames/",
  "http://www.happycow.net/europe/france/leguevin/",
  "http://www.happycow.net/europe/france/lempdes/",
  "http://www.happycow.net/europe/france/lens/",
  "http://www.happycow.net/europe/france/lesneven/",
  "http://www.happycow.net/europe/france/les_angles/",
  "http://www.happycow.net/europe/france/les_clayes-sous-bois/",
  "http://www.happycow.net/europe/france/les_eyzies-de-tayac-sireuil/",
  "http://www.happycow.net/europe/france/les_houches/",
  "http://www.happycow.net/europe/france/les_lilas/",
  "http://www.happycow.net/europe/france/les_pavillons-sous-bois/",
  "http://www.happycow.net/europe/france/les_pennes-mirabeau/",
  "http://www.happycow.net/europe/france/les_ponts-de-ce/",
  "http://www.happycow.net/europe/france/les_rousses/",
  "http://www.happycow.net/europe/france/les_ulis/",
  "http://www.happycow.net/europe/france/les_vans/",
  "http://www.happycow.net/europe/france/levallois-perret/",
  "http://www.happycow.net/europe/france/lezignan-corbieres/",
  "http://www.happycow.net/europe/france/le_blanc/",
  "http://www.happycow.net/europe/france/le_bourg-doisans/",
  "http://www.happycow.net/europe/france/le_chesnay/",
  "http://www.happycow.net/europe/france/le_coteau/",
  "http://www.happycow.net/europe/france/le_cres/",
  "http://www.happycow.net/europe/france/le_croisic/",
  "http://www.happycow.net/europe/france/le_haillan/",
  "http://www.happycow.net/europe/france/le_havre/",
  "http://www.happycow.net/europe/france/le_lavandou/",
  "http://www.happycow.net/europe/france/le_mans/",
  "http://www.happycow.net/europe/france/le_mee_sur_seine/",
  "http://www.happycow.net/europe/france/le_pecq/",
  "http://www.happycow.net/europe/france/le_perreux/",
  "http://www.happycow.net/europe/france/le_plessis-robinson/",
  "http://www.happycow.net/europe/france/le_pont-de-beauvoisin/",
  "http://www.happycow.net/europe/france/le_pontet/",
  "http://www.happycow.net/europe/france/le_pouliguen/",
  "http://www.happycow.net/europe/france/le_puy-en-velay/",
  "http://www.happycow.net/europe/france/le_raincy/",
  "http://www.happycow.net/europe/france/le_thillot/",
  "http://www.happycow.net/europe/france/le_vigan/",
  "http://www.happycow.net/europe/france/libourne/",
  "http://www.happycow.net/europe/france/lile-rousse/",
  "http://www.happycow.net/europe/france/lille/",
  "http://www.happycow.net/europe/france/limoges/",
  "http://www.happycow.net/europe/france/limoux/",
  "http://www.happycow.net/europe/france/lisle-adam/",
  "http://www.happycow.net/europe/france/lisle-dabeau/",
  "http://www.happycow.net/europe/france/lisle-sur-la-sorgue/",
  "http://www.happycow.net/europe/france/livry-gargan/",
  "http://www.happycow.net/europe/france/longuenesse/",
  "http://www.happycow.net/europe/france/lons/",
  "http://www.happycow.net/europe/france/lons-le-saunier/",
  "http://www.happycow.net/europe/france/lorient/",
  "http://www.happycow.net/europe/france/loudeac/",
  "http://www.happycow.net/europe/france/lourdes/",
  "http://www.happycow.net/europe/france/louviers/",
  "http://www.happycow.net/europe/france/lunel/",
  "http://www.happycow.net/europe/france/lunion/",
  "http://www.happycow.net/europe/france/luxeuil-les-bains/",
  "http://www.happycow.net/europe/france/luynes/",
  "http://www.happycow.net/europe/france/lyon/",
  "http://www.happycow.net/europe/france/mably/",
  "http://www.happycow.net/europe/france/macon/",
  "http://www.happycow.net/europe/france/maisons-laffitte/",
  "http://www.happycow.net/europe/france/malakoff/",
  "http://www.happycow.net/europe/france/malemort-sur-correze/",
  "http://www.happycow.net/europe/france/mandelieu/",
  "http://www.happycow.net/europe/france/mandelieu-la-napoule/",
  "http://www.happycow.net/europe/france/manom/",
  "http://www.happycow.net/europe/france/manosque/",
  "http://www.happycow.net/europe/france/mantes-la-ville/",
  "http://www.happycow.net/europe/france/marcq-en-baroeul/",
  "http://www.happycow.net/europe/france/mareuil-les-meaux/",
  "http://www.happycow.net/europe/france/margny-les-compiegne/",
  "http://www.happycow.net/europe/france/marmande/",
  "http://www.happycow.net/europe/france/marsaneix/",
  "http://www.happycow.net/europe/france/marseille/",
  "http://www.happycow.net/europe/france/martigues/",
  "http://www.happycow.net/europe/france/martinvast/",
  "http://www.happycow.net/europe/france/massy/",
  "http://www.happycow.net/europe/france/matignon/",
  "http://www.happycow.net/europe/france/maubeuge/",
  "http://www.happycow.net/europe/france/maurepas/",
  "http://www.happycow.net/europe/france/mayenne/",
  "http://www.happycow.net/europe/france/mazamet/",
  "http://www.happycow.net/europe/france/meaux/",
  "http://www.happycow.net/europe/france/mellac/",
  "http://www.happycow.net/europe/france/mende/",
  "http://www.happycow.net/europe/france/menton/",
  "http://www.happycow.net/europe/france/merignac/",
  "http://www.happycow.net/europe/france/merlimont/",
  "http://www.happycow.net/europe/france/metz/",
  "http://www.happycow.net/europe/france/metz-tessy/",
  "http://www.happycow.net/europe/france/meudon/",
  "http://www.happycow.net/europe/france/meylan/",
  "http://www.happycow.net/europe/france/millau/",
  "http://www.happycow.net/europe/france/mimizan/",
  "http://www.happycow.net/europe/france/mirabel-aux-baronnie/",
  "http://www.happycow.net/europe/france/mirepoix/",
  "http://www.happycow.net/europe/france/miserey-salines/",
  "http://www.happycow.net/europe/france/modane/",
  "http://www.happycow.net/europe/france/moliets/",
  "http://www.happycow.net/europe/france/mondeville/",
  "http://www.happycow.net/europe/france/monistrol-sur-loire/",
  "http://www.happycow.net/europe/france/mont-de-marsan/",
  "http://www.happycow.net/europe/france/montargis/",
  "http://www.happycow.net/europe/france/montauban/",
  "http://www.happycow.net/europe/france/montbeliard/",
  "http://www.happycow.net/europe/france/montceau-les-mines/",
  "http://www.happycow.net/europe/france/montelimar/",
  "http://www.happycow.net/europe/france/montgeron/",
  "http://www.happycow.net/europe/france/montigny-le-bretonneux/",
  "http://www.happycow.net/europe/france/montigny-les-cormeilles/",
  "http://www.happycow.net/europe/france/montmorot/",
  "http://www.happycow.net/europe/france/montpellier/",
  "http://www.happycow.net/europe/france/montpon-menesterol/",
  "http://www.happycow.net/europe/france/montreuil-sous-bois/",
  "http://www.happycow.net/europe/france/montreuil-sur-mer/",
  "http://www.happycow.net/europe/france/montrichard/",
  "http://www.happycow.net/europe/france/montrouge/",
  "http://www.happycow.net/europe/france/morillon/",
  "http://www.happycow.net/europe/france/morlaix/",
  "http://www.happycow.net/europe/france/mornant/",
  "http://www.happycow.net/europe/france/mortagne-au-perche/",
  "http://www.happycow.net/europe/france/morteau/",
  "http://www.happycow.net/europe/france/morzine/",
  "http://www.happycow.net/europe/france/mouans-sartoux/",
  "http://www.happycow.net/europe/france/mouvaux/",
  "http://www.happycow.net/europe/france/mulhouse/",
  "http://www.happycow.net/europe/france/muret/",
  "http://www.happycow.net/europe/france/murs-erigne/",
  "http://www.happycow.net/europe/france/muzillac/",
  "http://www.happycow.net/europe/france/nancy/",
  "http://www.happycow.net/europe/france/nanterre/",
  "http://www.happycow.net/europe/france/nantes/",
  "http://www.happycow.net/europe/france/narbonne/",
  "http://www.happycow.net/europe/france/nerac/",
  "http://www.happycow.net/europe/france/neufchatel-en-bray/",
  "http://www.happycow.net/europe/france/neuilly-sur-seine/",
  "http://www.happycow.net/europe/france/neuvicq/",
  "http://www.happycow.net/europe/france/nevers/",
  "http://www.happycow.net/europe/france/neydems/",
  "http://www.happycow.net/europe/france/nice/",
  "http://www.happycow.net/europe/france/nimes/",
  "http://www.happycow.net/europe/france/niort/",
  "http://www.happycow.net/europe/france/noe/",
  "http://www.happycow.net/europe/france/nogent-sur-marne/",
  "http://www.happycow.net/europe/france/nontron/",
  "http://www.happycow.net/europe/france/noyelles-godault/",
  "http://www.happycow.net/europe/france/noyon/",
  "http://www.happycow.net/europe/france/nyons/",
  "http://www.happycow.net/europe/france/obernai/",
  "http://www.happycow.net/europe/france/odos/",
  "http://www.happycow.net/europe/france/olivet/",
  "http://www.happycow.net/europe/france/ollioules/",
  "http://www.happycow.net/europe/france/oloron-sainte-marie/",
  "http://www.happycow.net/europe/france/onet-le-chateau/",
  "http://www.happycow.net/europe/france/oradour-sur-vayres/",
  "http://www.happycow.net/europe/france/orange/",
  "http://www.happycow.net/europe/france/orgeval/",
  "http://www.happycow.net/europe/france/orleans/",
  "http://www.happycow.net/europe/france/orly/",
  "http://www.happycow.net/europe/france/ornex/",
  "http://www.happycow.net/europe/france/orthez/",
  "http://www.happycow.net/europe/france/oullins/",
  "http://www.happycow.net/europe/france/oyonnax/",
  "http://www.happycow.net/europe/france/paimpol/",
  "http://www.happycow.net/europe/france/pamiers/",
  "http://www.happycow.net/europe/france/paris/",
  "http://www.happycow.net/europe/france/parthenay/",
  "http://www.happycow.net/europe/france/passy/",
  "http://www.happycow.net/europe/france/pau/",
  "http://www.happycow.net/europe/france/pavie/",
  "http://www.happycow.net/europe/france/peipin/",
  "http://www.happycow.net/europe/france/perigueux/",
  "http://www.happycow.net/europe/france/perols/",
  "http://www.happycow.net/europe/france/perpignan/",
  "http://www.happycow.net/europe/france/perros-guirec/",
  "http://www.happycow.net/europe/france/peschadoires/",
  "http://www.happycow.net/europe/france/pessac/",
  "http://www.happycow.net/europe/france/pierry/",
  "http://www.happycow.net/europe/france/pithiviers/",
  "http://www.happycow.net/europe/france/plainfaing/",
  "http://www.happycow.net/europe/france/plaisance-du-touch/",
  "http://www.happycow.net/europe/france/plaisir/",
  "http://www.happycow.net/europe/france/plazac/",
  "http://www.happycow.net/europe/france/plerin/",
  "http://www.happycow.net/europe/france/plesder/",
  "http://www.happycow.net/europe/france/plobsheim/",
  "http://www.happycow.net/europe/france/ploemeur/",
  "http://www.happycow.net/europe/france/ploermel/",
  "http://www.happycow.net/europe/france/plougastel-daoulas/",
  "http://www.happycow.net/europe/france/ploumagoar/",
  "http://www.happycow.net/europe/france/poissy/",
  "http://www.happycow.net/europe/france/poitiers/",
  "http://www.happycow.net/europe/france/pont-labbe/",
  "http://www.happycow.net/europe/france/pont-saint-esprit/",
  "http://www.happycow.net/europe/france/pontarlier/",
  "http://www.happycow.net/europe/france/pontault-combault/",
  "http://www.happycow.net/europe/france/pontcharra/",
  "http://www.happycow.net/europe/france/pontivy/",
  "http://www.happycow.net/europe/france/pornic/",
  "http://www.happycow.net/europe/france/pornichet/",
  "http://www.happycow.net/europe/france/port-sainte-marie/",
  "http://www.happycow.net/europe/france/portes-les-valence/",
  "http://www.happycow.net/europe/france/portet-sur-garonne/",
  "http://www.happycow.net/europe/france/prades/",
  "http://www.happycow.net/europe/france/pringy/",
  "http://www.happycow.net/europe/france/puget-sur-argens/",
  "http://www.happycow.net/europe/france/puilboreau/",
  "http://www.happycow.net/europe/france/puteaux/",
  "http://www.happycow.net/europe/france/quetigny/",
  "http://www.happycow.net/europe/france/quillan/",
  "http://www.happycow.net/europe/france/quimper/",
  "http://www.happycow.net/europe/france/quinson/",
  "http://www.happycow.net/europe/france/quint-fonsegrives/",
  "http://www.happycow.net/europe/france/rabastens/",
  "http://www.happycow.net/europe/france/rambouillet/",
  "http://www.happycow.net/europe/france/ramonville-saint-agne/",
  "http://www.happycow.net/europe/france/redon/",
  "http://www.happycow.net/europe/france/reims/",
  "http://www.happycow.net/europe/france/renage/",
  "http://www.happycow.net/europe/france/rennes/",
  "http://www.happycow.net/europe/france/revel/",
  "http://www.happycow.net/europe/france/revest-des-brousses/",
  "http://www.happycow.net/europe/france/riberac/",
  "http://www.happycow.net/europe/france/rillieux-la-pape/",
  "http://www.happycow.net/europe/france/riom/",
  "http://www.happycow.net/europe/france/rixheim/",
  "http://www.happycow.net/europe/france/rochefort/",
  "http://www.happycow.net/europe/france/rodez/",
  "http://www.happycow.net/europe/france/roissy-en-france/",
  "http://www.happycow.net/europe/france/romans-sur-isere/",
  "http://www.happycow.net/europe/france/romorantin-lanthenay/",
  "http://www.happycow.net/europe/france/roncq/",
  "http://www.happycow.net/europe/france/rosieres/",
  "http://www.happycow.net/europe/france/rouen/",
  "http://www.happycow.net/europe/france/rousset/",
  "http://www.happycow.net/europe/france/royan/",
  "http://www.happycow.net/europe/france/ruaudin/",
  "http://www.happycow.net/europe/france/rueil-malmaison/",
  "http://www.happycow.net/europe/france/saint-affrique/",
  "http://www.happycow.net/europe/france/saint-alban-leysse/",
  "http://www.happycow.net/europe/france/saint-andre-de-cubzac/",
  "http://www.happycow.net/europe/france/saint-andre-les-vergers/",
  "http://www.happycow.net/europe/france/saint-arnoult/",
  "http://www.happycow.net/europe/france/saint-blaise-la-plaine/",
  "http://www.happycow.net/europe/france/saint-bonnet-de-mure/",
  "http://www.happycow.net/europe/france/saint-bonnet-la-riviere/",
  "http://www.happycow.net/europe/france/saint-brieuc/",
  "http://www.happycow.net/europe/france/saint-cere/",
  "http://www.happycow.net/europe/france/saint-claude/",
  "http://www.happycow.net/europe/france/saint-clement-de-riviere/",
  "http://www.happycow.net/europe/france/saint-cloud/",
  "http://www.happycow.net/europe/france/saint-didier-sous-aubenas/",
  "http://www.happycow.net/europe/france/saint-die-des-vosges/",
  "http://www.happycow.net/europe/france/saint-dizier/",
  "http://www.happycow.net/europe/france/saint-egreve/",
  "http://www.happycow.net/europe/france/saint-etienne/",
  "http://www.happycow.net/europe/france/saint-etienne-du-rouvray/",
  "http://www.happycow.net/europe/france/saint-francois_longchamp/",
  "http://www.happycow.net/europe/france/saint-gely-du-fesc/",
  "http://www.happycow.net/europe/france/saint-georges-des-coteaux/",
  "http://www.happycow.net/europe/france/saint-geraud-de-corps/",
  "http://www.happycow.net/europe/france/saint-gereon/",
  "http://www.happycow.net/europe/france/saint-germain-du-puy/",
  "http://www.happycow.net/europe/france/saint-germain-en-laye/",
  "http://www.happycow.net/europe/france/saint-gervais-la-foret/",
  "http://www.happycow.net/europe/france/saint-gervais-les-bains/",
  "http://www.happycow.net/europe/france/saint-girons/",
  "http://www.happycow.net/europe/france/saint-gratien/",
  "http://www.happycow.net/europe/france/saint-gregoire/",
  "http://www.happycow.net/europe/france/saint-herblain/",
  "http://www.happycow.net/europe/france/saint-hilaire-de-riez/",
  "http://www.happycow.net/europe/france/saint-hippolyte-du-fort/",
  "http://www.happycow.net/europe/france/saint-jean-dangely/",
  "http://www.happycow.net/europe/france/saint-jean-de-luz/",
  "http://www.happycow.net/europe/france/saint-jean-de-maurienne/",
  "http://www.happycow.net/europe/france/saint-jean-de-vedas/",
  "http://www.happycow.net/europe/france/saint-julien-en-genevois/",
  "http://www.happycow.net/europe/france/saint-junien/",
  "http://www.happycow.net/europe/france/saint-laurent-du-var/",
  "http://www.happycow.net/europe/france/saint-leon-sur-vezere/",
  "http://www.happycow.net/europe/france/saint-lo/",
  "http://www.happycow.net/europe/france/saint-malo/",
  "http://www.happycow.net/europe/france/saint-marcel-les-valence/",
  "http://www.happycow.net/europe/france/saint-martin-de-re/",
  "http://www.happycow.net/europe/france/saint-martin-des-champs/",
  "http://www.happycow.net/europe/france/saint-martin-dheres/",
  "http://www.happycow.net/europe/france/saint-maur-des-fosses/",
  "http://www.happycow.net/europe/france/saint-maximin/",
  "http://www.happycow.net/europe/france/saint-maximin-la-sainte-baume/",
  "http://www.happycow.net/europe/france/saint-meen-le-grand/",
  "http://www.happycow.net/europe/france/saint-michel-sur-rhone/",
  "http://www.happycow.net/europe/france/saint-nazaire/",
  "http://www.happycow.net/europe/france/saint-ouen/",
  "http://www.happycow.net/europe/france/saint-ouen-laumone/",
  "http://www.happycow.net/europe/france/saint-paul-les-dax/",
  "http://www.happycow.net/europe/france/saint-paul-les-durance/",
  "http://www.happycow.net/europe/france/saint-paulet-de-caisson/",
  "http://www.happycow.net/europe/france/saint-peray/",
  "http://www.happycow.net/europe/france/saint-philbert-de-grand-lieu/",
  "http://www.happycow.net/europe/france/saint-pierre-doleron/",
  "http://www.happycow.net/europe/france/saint-pierre-la-palud/",
  "http://www.happycow.net/europe/france/saint-quentin/",
  "http://www.happycow.net/europe/france/saint-raphael/",
  "http://www.happycow.net/europe/france/saint-remy-de-provence/",
  "http://www.happycow.net/europe/france/saint-renan/",
  "http://www.happycow.net/europe/france/saint-sebastien-sur-loire/",
  "http://www.happycow.net/europe/france/saint-thibault-des-vignes/",
  "http://www.happycow.net/europe/france/saint-vallier/",
  "http://www.happycow.net/europe/france/saint-victoret/",
  "http://www.happycow.net/europe/france/saint-vigor-le-grand/",
  "http://www.happycow.net/europe/france/saint-vincent-de-tyrosse/",
  "http://www.happycow.net/europe/france/sainte-marguerite/",
  "http://www.happycow.net/europe/france/saintes/",
  "http://www.happycow.net/europe/france/saints-geosmes/",
  "http://www.happycow.net/europe/france/salaise-sur-sanne/",
  "http://www.happycow.net/europe/france/salerm/",
  "http://www.happycow.net/europe/france/salernes/",
  "http://www.happycow.net/europe/france/sallanches/",
  "http://www.happycow.net/europe/france/salon-de-provence/",
  "http://www.happycow.net/europe/france/sance/",
  "http://www.happycow.net/europe/france/saran/",
  "http://www.happycow.net/europe/france/sarge-les-le-mans/",
  "http://www.happycow.net/europe/france/sarlat-la-caneda/",
  "http://www.happycow.net/europe/france/sarrebourg/",
  "http://www.happycow.net/europe/france/sarreguemines/",
  "http://www.happycow.net/europe/france/sarrola-carcopino/",
  "http://www.happycow.net/europe/france/sarry/",
  "http://www.happycow.net/europe/france/sartrouville/",
  "http://www.happycow.net/europe/france/sarzeau/",
  "http://www.happycow.net/europe/france/saumur/",
  "http://www.happycow.net/europe/france/sausheim/",
  "http://www.happycow.net/europe/france/savenay/",
  "http://www.happycow.net/europe/france/savigneux/",
  "http://www.happycow.net/europe/france/sedan/",
  "http://www.happycow.net/europe/france/seez/",
  "http://www.happycow.net/europe/france/segré/",
  "http://www.happycow.net/europe/france/selestat/",
  "http://www.happycow.net/europe/france/semoy/",
  "http://www.happycow.net/europe/france/sens/",
  "http://www.happycow.net/europe/france/serignan/",
  "http://www.happycow.net/europe/france/serres/",
  "http://www.happycow.net/europe/france/serris/",
  "http://www.happycow.net/europe/france/sete/",
  "http://www.happycow.net/europe/france/sevremoine/",
  "http://www.happycow.net/europe/france/sevres/",
  "http://www.happycow.net/europe/france/sevrier/",
  "http://www.happycow.net/europe/france/seynod/",
  "http://www.happycow.net/europe/france/seysses/",
  "http://www.happycow.net/europe/france/seyssuel/",
  "http://www.happycow.net/europe/france/shiltigheim/",
  "http://www.happycow.net/europe/france/sillingy/",
  "http://www.happycow.net/europe/france/sisteron/",
  "http://www.happycow.net/europe/france/six-fours-les-plages/",
  "http://www.happycow.net/europe/france/soissons/",
  "http://www.happycow.net/europe/france/soisy-sur-seine/",
  "http://www.happycow.net/europe/france/sorgues/",
  "http://www.happycow.net/europe/france/soyaux/",
  "http://www.happycow.net/europe/france/strasbourg/",
  "http://www.happycow.net/europe/france/suresnes/",
  "http://www.happycow.net/europe/france/susville/",
  "http://www.happycow.net/europe/france/talasani/",
  "http://www.happycow.net/europe/france/tarascon-sur-ariege/",
  "http://www.happycow.net/europe/france/tarbes/",
  "http://www.happycow.net/europe/france/tarnos/",
  "http://www.happycow.net/europe/france/tassin-la-demi-lune/",
  "http://www.happycow.net/europe/france/tavers/",
  "http://www.happycow.net/europe/france/terrasson-lavilledieu/",
  "http://www.happycow.net/europe/france/thionville/",
  "http://www.happycow.net/europe/france/thoiry/",
  "http://www.happycow.net/europe/france/thonac/",
  "http://www.happycow.net/europe/france/thonon-les-bains/",
  "http://www.happycow.net/europe/france/ticheville/",
  "http://www.happycow.net/europe/france/tignes_val_claret/",
  "http://www.happycow.net/europe/france/tignieu-jameyzieu/",
  "http://www.happycow.net/europe/france/tonnerre/",
  "http://www.happycow.net/europe/france/torce-viviers-en-charnie/",
  "http://www.happycow.net/europe/france/toul/",
  "http://www.happycow.net/europe/france/toulon/",
  "http://www.happycow.net/europe/france/toulouse/",
  "http://www.happycow.net/europe/france/tournefeuille/",
  "http://www.happycow.net/europe/france/tours/",
  "http://www.happycow.net/europe/france/tregueux/",
  "http://www.happycow.net/europe/france/trelissac/",
  "http://www.happycow.net/europe/france/trignac/",
  "http://www.happycow.net/europe/france/troyes/",
  "http://www.happycow.net/europe/france/tulle/",
  "http://www.happycow.net/europe/france/ussel/",
  "http://www.happycow.net/europe/france/uzes/",
  "http://www.happycow.net/europe/france/vaison-la-romaine/",
  "http://www.happycow.net/europe/france/valdoie/",
  "http://www.happycow.net/europe/france/valence/",
  "http://www.happycow.net/europe/france/valenciennes/",
  "http://www.happycow.net/europe/france/vallauris/",
  "http://www.happycow.net/europe/france/vallet/",
  "http://www.happycow.net/europe/france/vallon-pont-darc/",
  "http://www.happycow.net/europe/france/vandoeuvre-les-nancy/",
  "http://www.happycow.net/europe/france/vannes/",
  "http://www.happycow.net/europe/france/vanves/",
  "http://www.happycow.net/europe/france/varennes-vauzelles/",
  "http://www.happycow.net/europe/france/vaulx-en-velin/",
  "http://www.happycow.net/europe/france/vaureal/",
  "http://www.happycow.net/europe/france/vaux-sur-mer/",
  "http://www.happycow.net/europe/france/veigy-foncenex/",
  "http://www.happycow.net/europe/france/vendargues/",
  "http://www.happycow.net/europe/france/vendenheim/",
  "http://www.happycow.net/europe/france/vendome/",
  "http://www.happycow.net/europe/france/verdun/",
  "http://www.happycow.net/europe/france/vernon/",
  "http://www.happycow.net/europe/france/vernouillet/",
  "http://www.happycow.net/europe/france/versailles/",
  "http://www.happycow.net/europe/france/vert-saint-denis/",
  "http://www.happycow.net/europe/france/vesoul/",
  "http://www.happycow.net/europe/france/vichy/",
  "http://www.happycow.net/europe/france/vielle-saint-girons/",
  "http://www.happycow.net/europe/france/vienne/",
  "http://www.happycow.net/europe/france/vierzon/",
  "http://www.happycow.net/europe/france/villaines-la-juhel/",
  "http://www.happycow.net/europe/france/villars/",
  "http://www.happycow.net/europe/france/villefranche-de-lauragais/",
  "http://www.happycow.net/europe/france/villefranche-de-rouergue/",
  "http://www.happycow.net/europe/france/villefranche-sur-saone/",
  "http://www.happycow.net/europe/france/villenave-dornon/",
  "http://www.happycow.net/europe/france/villeneuve-dascq/",
  "http://www.happycow.net/europe/france/villeneuve-la-garenne/",
  "http://www.happycow.net/europe/france/villeneuve-loubet/",
  "http://www.happycow.net/europe/france/villeneuve-sur-lot/",
  "http://www.happycow.net/europe/france/villeurbanne/",
  "http://www.happycow.net/europe/france/villiers-le-sec/",
  "http://www.happycow.net/europe/france/villiers-sur-marne/",
  "http://www.happycow.net/europe/france/vincennes/",
  "http://www.happycow.net/europe/france/vire/",
  "http://www.happycow.net/europe/france/vitre/",
  "http://www.happycow.net/europe/france/vitrolles/",
  "http://www.happycow.net/europe/france/vittel/",
  "http://www.happycow.net/europe/france/voiron/",
  "http://www.happycow.net/europe/france/voisins-le-bretonneux/",
  "http://www.happycow.net/europe/france/wasquehal/",
  "http://www.happycow.net/europe/france/wavrin/",
  "http://www.happycow.net/europe/france/waziers/",
  "http://www.happycow.net/europe/france/wettolsheim/",
  "http://www.happycow.net/europe/france/wittenheim/",
  "http://www.happycow.net/europe/france/yquelon/",
  "http://www.happycow.net/europe/france/yssingeaux/"
]